product_name,product_type,product_decription,product_purpose,cost_per_unit,cost_range
Advanced Night Repair Serum,serum,Synchronized Multi-Recovery Complex,The #1 serum in the U.S.* Fight the look of multiple signs of aging.,$75.00,$75.00 - $200.00
Revitalizing Supreme+,face cream,Global Anti-Aging Cell Power Creme,"Multi-action creme, the key to younger-looking skin.",$59.00,$59.00 - $88.00
Revitalizing Supreme+,face cream,Global Anti-Aging Cell Power Creme SPF 15,"Multi-action SPF 15 creme, the key to younger-looking skin.",$88.00,$88.00 - $106.00
Revitalizing Supreme+ Bright,face cream,Power Soft Creme,"Multi-action creme visibly improves dark spots, acne marks.",$88.00,(none)
Revitalizing Supreme+ Bright,face lotion,Power Soft Milky Lotion,"Multi-action lotion visibly improves dark spots, acne marks.",$88.00,(none)
Micro Essence,treatment lotion,Skin Activating Treatment Lotion,"Reveals skin's youthful, angelic glow.",$65.00,$65.00 - $200.00
Advanced Night Repair Eye Supercharged Complex,eye cream,Synchronized Recovery,Repairs. Brightens dark circles. Hydrates. Prevents.,$64.00,(none)
Advanced Night Repair Eye Concentrate Matrix,eye cream,Synchronized Recovery,Repairs. Fortifies. Hydrates eyes.,$70.00,(none)
Perfectionist Pro,face treatment,Intense Brightening Essence Ampoule with Vitamin C/E + Licorice,"Renews skin. Reduces the look of dark spots, pores.",$110.00,(none)
Perfectionist Pro,face treatment,Rapid Brightening Treatment with Ferment² + Vitamin C,"Boosts radiance. Visibly reduces dark spots, pores.",$78.00,$78.00 - $110.00
Perfectionist Pro,face treatment,Rapid Firm + Lift Treatment with Acetyl Hexapeptide-8,"See an overall more youthful, lifted look.",$78.00,$78.00 - $110.00
Revitalizing Supreme+ Night,face cream,Intensive Restorative Creme,Firms. Reduces the look of lines. Deeply nourishes.,$89.00,(none)
Perfectly Clean,face cleanser,Multi-Action Foam Cleanser/Purifying Mask,Richly lathers to cleanse. 3-minute purifying mask.,$27.00,(none)
Soft Clean,face cleanser,Moisture Rich Foaming Cleanser,"Foams into rich lather. Leaves skin soft, satisfied.",$24.00,(none)
Soft Clean,face lotion,Silky Hydrating Lotion,"Hydrating toner. Leaves skin soft, supple.",$35.00,(none)
DayWear,face cream,Multi-Protection Anti-Oxidant 24H-Moisture Creme SPF 15,Helps prevent and diminish first signs of aging.,$35.00,$35.00 - $55.00
Nutritious Super-Pomegranate,face cleanser,Radiant Energy 2-in-1 Cleansing Foam,Purifies skin 2 ways: as daily cleanser or as mask.,$34.00,(none)
Resilience Multi-Effect,face cream,Tri-Peptide Face and Neck Creme SPF 15,"Intensely nourishing, for radiant, plumped, supple skin.",$30.00,$30.00 - $114.00
Advanced Night Repair Serum,serum,Synchronized Multi-Recovery Complex in Large-Size Red Bottle,Supersize celebration: the #1 serum in the U.S.* in a “lucky red” bottle.$287.50 Value.,$200.00,(none)
Advanced Night Repair Serum Duo,serum,Synchronized Multi-Recovery Complex,Value set of the #1 serum in the U.S. Fight the look of signs of aging. A $210 Value,$180.00,(none)
Advanced Night Repair Eye Serum,eye serum,Synchronized Complex II,"Fights key signs of eye aging. Light, intensive.",$69.00,(none)
Advanced Night Repair,face treatment,Intense Reset Concentrate,Rescues and resets the look of skin fast.,$82.00,(none)
Advanced Night,face cleanser,Micro Cleansing Foam,Airy foam purifies skin; removes makeup & pollution.,$32.00,(none)
Advanced Night,face cleanser,Micro Cleansing Balm,Light balm melts to a cleansing oil. Removes makeup.,$47.00,(none)
Advanced Night Repair,mask,Concentrated Recovery Power Foil Mask,Innovative mask with exclusive repair technology.,$85.00,$85.00 - $165.00
Advanced Night Repair,eye mask,Concentrated Recovery Eye Mask,Rejuvenates the look and feel of your eyes.,$42.00,(none)
Micro Essence,treatment lotion,Skin Activating Treatment Lotion Fresh with Sakura Ferment,"Ultra lightweight, for softer, smoother, glowing skin.",$120.00,$120.00 - $200.00
Micro Essence,mask,Infusion Mask,"Deeply nourishing, intensely hydrating face mask.",$75.00,(none)
Perfectionist Pro,sunscreen,Multi-Defense Aqua UV Gel SPF 50 with 8 Anti-Oxidants,"Ultra light texture. UVA/UVB, Pollution and Dehydration defense.",$45.00,(none)
Perfectionist Pro,serum,Rapid Firm + Lift Treatment Duo,Value set of our superstar Firm + Lift serum. Worth $250,$192.00,(none)
Perfectionist [CP+R],serum,Wrinkle Lifting/Firming Serum,"Significantly reduces the look of lines, wrinkles.",$108.00,(none)
Perfectionist Pro,sunscreen,Multi-Defense UV Fluid SPF 45 with 8 Anti-Oxidants,UVA/UVB defense. Pollution defense. Dehydration defense.,$45.00,(none)
Perfectionist Pro,face treatment,Rapid Renewal Retinol Treatment,"High-grade Retinol treatment fights wrinkles, dark spots.",$86.00,(none)
Perfectionist Pro,resurfacing cream,Instant Resurfacing Peel with 9.9% AHAs + BHA,"At-home ""micro-facial"" peel for instantly soft, radiant skin.",$78.00,(none)
Perfectionist Pro,face treatment,Instant Wrinkle Filler with Tri-Polymer Blend,Immediately helps fill facial lines and wrinkles.,$56.00,(none)
Revitalizing Supreme+,eye cream,Global Anti-Aging Cell Power Eye Balm,"Hydrates, firms and smooths the look of lines.",$68.00,(none)
Revitalizing Supreme+,toner,Global Anti-Aging Power Soft Emulsion,"Ultra lightweight, ultra comfortable, ultra hydrating.",$88.00,(none)
Nutritious Super-Pomegranate,face lotion,Radiant Energy Milky Lotion,"Nourishing, light lotion. Visibly minimizes pores.",$68.00,(none)
Nutritious Super-Pomegranate,face lotion,Radiant Energy Milky Lotion Light,Water-light hydrating lotion. Visibly minimizes pores.,$68.00,(none)
Nutritious Super-Pomegranate,face lotion,Radiant Energy Lotion Light,Lightweight lotion refreshes skin with moisture.,$58.00,(none)
Nutritious Super-Pomegranate,face lotion,Radiant Energy Lotion Intense Moist,"Rich, cushioning lotion envelops skin in moisture.",$58.00,(none)
Nutritious Super-Pomegranate,face cream,Radiant Energy Moisture Creme,Energizing moisture creme recharges skin’s radiance.,$70.00,(none)
Nutritious Super-Pomegranate,mask,Radiant Energy Night Creme/Mask,"Rich, nourishing. Recharges skin’s radiance.",$74.00,(none)
DayWear,face cream,Anti-Oxidant 72H-Hydration Sorbet Creme SPF 15,Innovative waterlight texture + powerful protection.,$55.00,(none)
DayWear Matte,face cream,Oil-Control Anti-Oxidant Moisture Gel Creme,"Oil-Free, Oil-Controlling/Absorbing Moisturizer.",$55.00,(none)
NightWear Plus,face cream,Anti-Oxidant Night Detox Creme,"Detoxify, soothe, intensely hydrate—while you sleep.",$58.00,(none)
DayWear Eye,eye cream,Cooling Anti-Oxidant Moisture Gel Creme,"Brightens, de-puffs. 24-hour hydration. Anti-oxidants.",$42.00,(none)
Perfectly Clean,mask,Multi-Action Creme Cleanser/Moisture Mask,Cushions as it cleanses. Non-foaming creme.,$27.00,(none)
Perfectly Clean,face cleanser,Multi-Action Cleansing Gelée/Refiner,"Instantly foams to purify, exfoliate, unclog pores.",$27.00,(none)
Perfectly Clean,face lotion,Multi-Action Toning Lotion/Refiner,"Tones and exfoliates in one, for a brighter look.",$27.00,(none)
Perfectly Clean,face lotion,Fresh Balancing Lotion,"Revitalizing toner conditions, rebalances.",$35.00,(none)
Resilience Multi-Effect Night,face cream,Tri-Peptide Face and Neck Creme,Intense nighttime nourishment to lift and firm.,$98.00,$98.00 - $116.00
Resilience Multi-Effect,eye cream,Tri-Peptide Eye Creme,"Intensely nourishing, for firmer, less-lined looking eyes.",$70.00,(none)
Advanced Time Zone Night,face cream,Age Reversing Line/Wrinkle Creme,"Intensive nighttime care for a younger look, fast.",$85.00,(none)
Advanced Time Zone,eye cream,Age Reversing Line/Wrinkle Eye Creme,Reduces the look of eye lines and signs of aging.,$64.00,(none)
Idealist,serum,Pore Minimizing Skin Refinisher,"Pores look smaller. Skin feels soft, smooth.",$63.00,$63.00 - $94.00
Swiss Performing Extract,moisturizer,(none),Classic Formula. Helps maintain moisture.,$60.00,(none)
Gentle Eye Makeup Remover,makeup remover,(none),"Works quickly, thoroughly on shadow, mascara, etc.",$22.00,(none)
Perfectly Clean,face cleanser,Triple-Action Cleanser/Toner/Makeup Remover,Ingeniously combines all three steps into one.,$30.00,(none)
Take It Away,makeup remover,Makeup Remover Lotion,"All-around formula, even for long-wear, waterproof.",$31.00,(none)
Take It Away,makeup remover,Gentle Eye and Lip Longwear Makeup Remover,Quickly dissolves long-wear and waterproof makeup.,$22.00,(none)
Re-Nutriv,face massaging tool,Ultimate Facial Massager,Visibly re-energizes skin in a moment of indulgence.,$175.00,(none)
Re-Nutriv,eye serum,Ultimate Diamond Transformative Eye Serum,Eyes look transformed at key facets. More sculpted. Brighter.,$180.00,(none)
Re-Nutriv,face cleanser,Hydrating Foam Cleanser,"Richly foams, pampers as it cleans.",$70.00,(none)
Re-Nutriv,hand cream,Intensive Smoothing Hand Creme,Deeply nourishes dry hands.,$70.00,(none)
Re-Nutriv,face cream,Ultimate Lift Regenerating Youth Creme,"Strengthens, reveals a more lifted, radiant look.",$310.00,(none)
Re-Nutriv,eye cream,Ultimate Lift Regenerating Youth Eye Creme,"Gives eyes a brighter, more lifted look.",$165.00,(none)
Re-Nutriv,serum,Ultimate Lift Regenerating Youth Serum,"Concentrated for a more lifted look, firmer feel.",$310.00,(none)
Re-Nutriv,face lotion,Ultimate Lift Regenerating Youth Treatment Lotion,Hydration and brightening. Leaves skin soft.,$120.00,(none)
Re-Nutriv,face lotion,Ultimate Lift Regenerating Youth Emulsion,"Lightweight, deep-penetrating hydration for a radiant look.",$295.00,(none)
Re-Nutriv,face cream,Creme,A Re-Nutriv Classic. Indulges with rich moisture.,$115.00,(none)
Re-Nutriv,face cream,Lightweight Creme,"A Re-Nutriv Classic. Rich moisture, but lighter.",$115.00,(none)
Re-Nutriv,face lotion,Softening Lotion,"Smooths, softens, refreshes.",$73.00,(none)
Re-Nutriv,face cream,Ultimate Diamond Transformative Energy Creme Rich,"Decadently rich, deeply nourishing, exquisitely comforting.",$405.00,(none)
Re-Nutriv,face cream,Ultimate Diamond Transformative Energy Creme,With Black Diamond Truffle Extract. Pure energy.,$125.00,$125.00 - $405.00
Re-Nutriv,eye cream,Ultimate Diamond Transformative Energy Eye Creme,"Luxury for eyes, with Black Diamond Truffle Extract.",$280.00,(none)
Re-Nutriv,face cream,Ultimate Lift Regenerating Youth Creme Rich,"Strengthens, reveals a more lifted, radiant look.",$310.00,(none)
Re-Nutriv,eye cream,Ultimate Lift Regenerating Youth Eye Creme Rich,"Gives eyes a brighter, more lifted look, firmer feel.",$165.00,(none)
Double Wear,foundation,Stay-in-Place Makeup,"24-hour wear. Flawless, natural, matte foundation.",$43.00,(none)
Pure Color Envy,lipstick,Sculpting Lipstick,"Statement-making, lip-shaping color. Creme finish.",$32.00,(none)
Futurist Hydra Rescue,foundation,Moisturizing Makeup SPF 45,Flawless makeup with serious skincare.,$45.00,(none)
Double Wear,concealer,Radiant Concealer,Loves your skin with nourishing botanical extracts.,$30.00,(none)
Pure Color Illuminating Shine,lipstick,Sheer Shine Lipstick,"A pop of color, a burst of hydrating shine.",$32.00,(none)
Pure Color Envy Hi-Lustre,lipstick,Light Sculpting Lipstick,"Transforms lips with lustrous color, brilliant shine.",$32.00,(none)
Pure Color Envy Matte,lipstick,Sculpting Lipstick,Statement-making creme matte color.,$19.20,$19.20 - $32.00
Double Wear,concealer,Maximum Cover Camouflage Makeup for Face and Body SPF 15,"Full, concealing Matte coverage. Waterproof. Long-wear.",$25.80,$25.80 - $43.00
Sumptuous Extreme,mascara,Lash Multiplying Volume Mascara,Outrageous Volume.,$29.00,(none)
Double Wear,eyeliner,Stay-in-Place Eye Pencil,24-hour wear. Waterproof.,$28.00,(none)
Pure Color Envy,blush,Flatters All Cheek Color,"A rush of fresh, rosy color for cheeks in a universal shade.",$32.00,(none)
Pure Color Envy,blush,Sculpting Blush,"A rush of fresh, radiant color for cheeks.",$36.50,$36.50 - $38.00
The MET 150 Collection,lipstick,Pure Color Envy Full-Size Lipstick Trio,3 full-size lipsticks in specially designed cases.,$90.00,(none)
Pure Color Envy,lip serum,Nighttime Rescue Lip Oil-Serum,"Nourishes, soothes and softens lips every night.",$32.00,(none)
Pure Color Envy,lip balm,Color Replenish Lip Balm,Hydrates. Smooths. Tints with personalized color.,$32.00,(none)
Pure Color Envy,lip treatment,Lip Repair Potion,Revives with all-in-one lip repair.,$32.00,(none)
Pure Color Envy,lip volumizer,Lip Volumizer,Sculpts. Plumps. Moisturizes.,$32.00,(none)
Perfectionist,foundation,Youth-Infusing Serum Makeup SPF 25,Brightens. Hydrates. Medium to full coverage.,$52.00,(none)
Double Wear Cushion BB,foundation,All Day Wear Liquid Compact SPF 50,Cushion makeup with the lasting power of Double Wear.,$43.00,(none)
Re-Nutriv,foundation,Ultra Radiance Liquid Makeup SPF 20,Look radiant: luxurious liquid foundation.,$105.00,(none)
Double Wear,foundation,Stay-in-Place Matte Powder Foundation,"Versatile powder to wear as foundation, or over it.",$43.00,(none)
Double Wear,concealer,Stay-in-Place Flawless Wear Concealer,24-hour flawless wear. Wand applicator.,$30.00,(none)
Double Wear Instant Fix Concealer,concealer,24H Concealer + Hydra Prep,Two-sided prep and concealer.,$30.00,(none)
Pure Color Love,highlighter,Cooling Highlighter,All-over pearly radiance and instant refreshment.,$24.00,(none)
Bronze Goddess,bronzer,Powder Bronzer,"Silky and luxurious. Natural, shine-free color.",$45.00,(none)
Bronze Goddess,highlighter,Highlighting Powder Gelée,Luxe powder highlighter for luminous radiance.,$45.00,(none)
Year of the Ox,foundation,Powder Compact,Collectible powder compact. Great gift. Refillable.,$200.00,(none)
Red Lacquer Alligator Slim,foundation,Powder Compact,Collectible powder compact. Great gift. Refillable.,$200.00,(none)
The Smoother,primer,Universal Perfecting Primer,Primes and reduces the look of pores.,$38.00,(none)
The Illuminator,primer,Radiant Perfecting Primer + Finisher,"Primes, hydrates, finishes.",$38.00,(none)
The Mattifier,primer,Shine Control Perfecting Primer + Finisher,"Primes, controls shine, finishes.",$38.00,(none)
Pure Color Envy,lipstick,Sculpting Lipstick in Limited Edition Case,"Comfortable, creamy lip color in a limited edition case.",$32.00,(none)
Pure Color Envy,lipstick,Sculpting Lipstick in Red Case,High-intensity lip color in shade 520 Carnal in a limited edition red metallic case.,$32.00,(none)
Pure Color Envy,lipstick,Sculpting Lipstick in Exclusive James Goldcrown-Designed Case,Intense lip color in shade 520 Carnal in a limited edition case by James Goldcrown.,$32.00,(none)
Pure Color Desire,lipstick,Rouge Excess Matte Lipstick,One-stroke intense color in a smooth velvety matte.,$44.00,(none)
Pure Color Desire,lipstick,Rouge Excess Lipstick,One-stroke bold color impact and plumping moisture.,$44.00,(none)
Pure Color Envy,lip gloss,Kissable Lip Shine,"Brilliant, glossy gleam—spectacularly vibrant.",$29.00,(none)
Pure Color Envy,lip gloss,Oil-Infused Lip Shine,Crystal-clear shine over lipcolor or on bare lips.,$29.00,(none)
Pure Color Envy,lip color,Paint-On Liquid Lip Color,Drench your lips in full-on liquid color.,$29.00,(none)
Automatic Lip Pencil Duo,lip liner,(none),"For soft, creamy shaping. Twist-up pencil + brush.",$29.00,(none)
Double Wear,lip liner,Stay-in-Place Lip Pencil,"For precision shaping, long-wear.",$28.00,(none)
Pure Color Envy,eyeshadow,Sculpting Eyeshadow 5-Color Palette,A color story in a compact.,$56.00,(none)
Sumptuous Rebel,mascara,Length + Lift Mascara,Sleek brush delivers full-bodied length plus lift.,$29.00,(none)
Sumptuous Extreme Waterproof,mascara,Lash Multiplying Volume Mascara,Outrageous Volume. Now in waterproof.,$29.00,(none)
Little Black Primer™,lash primer,Tint. Amplify. Set,Wear it 3 ways: Tint. Amplify. Set.,$26.00,(none)
Double Wear,eyeliner,Infinite Waterproof Eyeliner,24-hour wear. Includes a smudge tip and sharpener.,$28.00,(none)
Little Black Liner,eyeliner,Thick. Thin. Ultra-Fine.,Beyond liner. Wear it 3 ways.,$35.00,(none)
Featherlight Brow Enhancer,eyebrow liner,(none),Ultra-fine marker makes your best brows easy.,$29.00,(none)
The Brow Multi-Tasker,eyebrow liner,(none),"3-in-1 brow pencil, powder and brush.",$29.00,(none)
Brow Now,eyebrow liner,Brow Defining Pencil,"Unique gel pencil fills, shapes and defines brows.",$26.00,(none)
Brow Now,primer,Volumizing Brow Tint,"Brush-on gel fills, tints for fuller looking brows.",$26.00,(none)
Brow Now,eyebrow gel,Stay-in-Place Brow Gel,Clear brow gel for all hair colors sets and styles.,$26.00,(none)
The MET 150 Collection,foundation,Collectible Powder Compact,Collectible powder compact. Great gift. Refillable.,$300.00,(none)
Aquarius,foundation,Zodiac Powder Compact,(none),$75.00,(none)
Cancer,foundation,Zodiac Powder Compact,(none),$75.00,(none)
Capricorn,foundation,Zodiac Powder Compact,(none),$75.00,(none)
Gemini,foundation,Zodiac Powder Compact,(none),$75.00,(none)
Pisces,foundation,Zodiac Powder Compact,(none),$75.00,(none)
Sagittarius,foundation,Zodiac Powder Compact,(none),$75.00,(none)
Taurus,foundation,Zodiac Powder Compact,(none),$75.00,(none)
Double Wear Brush-On Glow BB,highlighter,Highlighter,"Brightens, Conceals, Highlights.",$32.00,(none)
Bronze Goddess,bronzer,Illuminating Powder Gelée,Luxe gelée bronzer for luminous radiance.,$43.00,(none)
Pure Color Envy,lipstick,Sculpting Lipstick Deluxe Mini,"Statement-making, lip-shaping color. Creme finish.",$10.00,(none)
Youth-Dew,multi-product set,Rich Luxuries,2-piece collection. $63.00 Value.,$43.00,(none)
Beautiful,multi-product set,Romantic Favorites,3-piece collection. $129.00 Value.,$86.00,(none)
Pleasures,multi-product set,Simple Moments,3-piece collection. Value $142.00.,$99.00,(none)
Beautiful Belle,multi-product set,Romantic Promises,3-piece collection. $139 Value.,$96.00,(none)
Beautiful Magnolia,eau de parfum,Eau de Parfum Spray,"Romantic, Feminine, Floral",$75.00,$75.00 - $128.00
Beautiful Magnolia,eau de parfum,Eau de Parfum Travel Spray,"Romantic, Feminine, Floral",$28.00,(none)
Beautiful Magnolia,hand cream,Nourishing Hand Cream,"Lightweight, fast-absorbing moisture for hands.",$20.00,(none)
Beautiful,eau de parfum,Eau de Parfum Spray,Rich. Romantic. Luxurious.,$32.00,$32.00 - $130.00
Beautiful,perfume,Absolu,"A new concentration, in a package that’s a work of art.",$98.00,(none)
Beautiful,body lotion,Perfumed Body Lotion,"Lightweight, smoothing hydration.",$55.00,(none)
Beautiful,body powder,Perfumed Body Powder,"Silky, smooth and comforting",$60.00,(none)
Beautiful Belle,eau de parfum,Eau de Parfum Spray,"Romantic, Carefree, Irreverent",$75.00,$75.00 - $128.00
Beautiful Belle,eau de parfum,Eau de Parfum Rollerball,Take it wherever you go,$28.00,(none)
Beautiful Belle,body lotion,Refreshing Body Lotion,"Lightweight, smoothing hydration.",$55.00,(none)
Modern Muse,eau de parfum,Eau de Parfum Spray,"Confident, Independent, Inspiring",$45.00,$45.00 - $128.00
Estée Lauder Pleasures,eau de parfum,Eau de Parfum Spray,"Soft, Joyful, Luminous",$32.00,$32.00 - $130.00
Estée Lauder Pleasures Intense,eau de parfum,Eau de Parfum Spray,"Velvety, Voluptuous, Intensely Feminine",$73.00,$73.00 - $98.00
Bronze Goddess,eau de parfum,Eau de Parfum,All heat. All desire.,$80.00,$80.00 - $105.00
Bronze Goddess,eau fraiche,Eau Fraîche Skin scent,All heat. All desire.,$68.00,$68.00 - $84.00
Bronze Goddess,body oil,Shimmering Oil Spray for Hair & Body,Shimmers and softens skin with a sensual sheen.,$50.00,(none)
Bronze Goddess Azur,eau de toilette,Eau de Toilette,Fresh. Vibrant. Seductive.,$68.00,(none)
Bronze Goddess,body cream,Creme de Soleil Decadent Smoothing Body Creme,Super-luxurious creme smooths and nourishes skin.,$55.00,(none)
Private Collection Tuberose Gardenia,eau de parfum,Eau de Parfum Spray,"Timeless, Luxurious, Elegant",$61.20,$61.20 - $170.00
Private Collection,body spray,Estee Lauder Eau de Private Collection Spray,"Rare, Feminine, Precious",$68.00,(none)
Youth-Dew,eau de parfum,Eau de Parfum Spray,"Sexy, Exotic, Opulent",$42.00,(none)
Youth-Dew,eau de parfum,Eau de Parfum Spray in Classic Bottle,"Sexy, Exotic, Opulent",$42.00,(none)
Youth-Dew,body oil,Bath Oil,Wear it or use for bathtime,$45.00,(none)
Youth-Dew,body cream,Perfumed Body Creme,"Rich, smoothing moisture",$42.00,(none)
Youth-Dew,body lotion,Body Satinée,"Lightweight, smoothing hydration",$36.00,(none)
White Linen,eau de parfum,Eau de Parfum Spray,"Cool, Clean, Crisp",$72.00,$72.00 - $82.00
White Linen,body cream,Perfumed Body Creme,"Rich, smoothing moisture",$55.00,(none)
Azurée,eau de parfum,Eau de Parfum Spray,"Radiant, Sunlit, Warm",$58.00,(none)
Estée Lauder Beyond Paradise,eau de parfum,Eau de Parfum Spray,"Radiant, Intriguing, Intoxicating",$73.00,(none)
Cinnabar,eau de parfum,Eau de Parfum Spray,"Exotic, Mysterious, Warm",$58.00,(none)
Estée,cologne,Super Cologne Spray,"Classic, Feminine, Sparkling",$58.00,(none)
Intuition,eau de parfum,Eau de Parfum Spray,"Luminous, Warm, Sensual",$73.00,(none)
SpellBound,eau de parfum,Eau de Parfum Spray,"Irresistible, Spicy, Rich",$73.00,(none)
Estée Lauder Sensuous,eau de parfum,Eau de Parfum Spray,"Warm, Luminous, Feminine",$75.00,$75.00 - $98.00
Knowing,eau de parfum,Eau de Parfum Spray,"Sophisticated, Luxurious, Confident",$65.00,$65.00 - $90.00
Lauder Pleasures For Men,cologne,Cologne Spray,"Crisp, Clean, Energizing",$76.00,(none)
Lauder For Men,cologne,Cologne Spray,"Fresh, Clean, Exhilarating",$70.00,(none)
Pleasures Ice Skate,solid perfume,Perfume Compact,Collectible solid perfume compact.,$200.00,(none)
Estée Lauder X Disney: Pleasures Under the Sea,solid perfume,Perfume Compact by Monica Rich Kosann,Collectible solid perfume compact.,$300.00,(none)
Estée Lauder X Disney: Beautiful True Love’s Kiss,solid perfume,Perfume Compact by Monica Rich Kosann,Collectible solid perfume compact.,$250.00,(none)
Estée Lauder X Disney: Beautiful Just One Bite,solid perfume,Perfume Compact by Monica Rich Kosann,Collectible solid perfume compact.,$250.00,(none)
Estée Lauder X Disney: Beautiful Belle Light The Way To Your Dreams,solid perfume,Perfume Compact by Monica Rich Kosann,Collectible solid perfume compact.,$250.00,(none)
Estée Lauder X Disney: Pleasures True to Your Heart,solid perfume,Perfume Compact by Monica Rich Kosann,Collectible solid perfume compact.,$275.00,(none)
Rose De Grasse Pour Filles,eau de toilette,Eau de Toilette,Floral Rose,$90.00,(none)
Mediterranean Honeysuckle in Bloom,body spray,Purse Spray,Floral Bouquet. Travel spray perfect for your purse.,$30.00,(none)
Rose,body cream,Hand & Body Cream,Joyful silky rose cream with a smooth finish.,$42.00,$42.00 - $68.00
Wild Geranium,eau de parfum,Eau de Parfum,Radiant. Floral. Enchanting.,$130.00,$130.00 - $180.00
Wild Geranium,body cream,Body Cream,"Rich, luxurious hydrating essential.",$60.00,(none)
Wild Geranium,body spray,Purse Spray,Travel spray perfect for your purse.,$30.00,(none)
Aegea Blossom,eau de parfum,Eau de Parfum,Luminous. Pure. Glowing.,$130.00,$130.00 - $180.00
Aegea Blossom,body cream,Body Cream,"Rich, luxurious hydrating essential.",$60.00,(none)
Aegea Blossom,body spray,Purse Spray,Travel spray perfect for your purse.,$30.00,(none)
Mediterranean Honeysuckle,eau de parfum,Eau de Parfum,Sparkling. Lush. Fresh.,$135.00,$135.00 - $185.00
Mediterranean Honeysuckle,body cream,Body Cream,"Rich, luxurious hydrating essential.",$60.00,(none)
Amber Musk,eau de parfum,Eau de Parfum,Velvety. Warm. Enveloping.,$135.00,$135.00 - $185.00
Amber Musk d’Or,eau de parfum,Eau de Parfum,Sensual. Amber. Opulent.,$240.00,(none)
Amber Musk,body spray,Purse Spray,Travel spray perfect for your purse.,$30.00,(none)
Amber Musk,body cream,Body Cream,"Rich, luxurious hydrating essential.",$60.00,(none)
Hibiscus Palm,eau de parfum,Eau de Parfum,Lush. Solar. Exotic.,$130.00,$130.00 - $180.00
Hibiscus Palm,body spray,Purse Spray,Travel spray perfect for your purse.,$30.00,(none)
Lilac Path,eau de parfum,Eau de Parfum,Crisp. Delicate. Lush.,$135.00,$135.00 - $185.00
Lilac Path,body cream,Body Cream,"Rich, luxurious hydrating essential.",$60.00,(none)
Tangier Vanille,eau de parfum,Eau de Parfum,Glowing. Warm. Sensual.,$135.00,$135.00 - $185.00
Tangier Vanille d’Or,eau de parfum,Eau de Parfum,(none),$240.00,(none)
Tangier Vanille,body cream,Body Cream,"Rich, luxurious hydrating essential.",$60.00,(none)
Evening Rose,eau de parfum,Eau de Parfum,Alluring. Luxurious. Warm.,$135.00,$135.00 - $185.00
Evening Rose d'Or,eau de parfum,Eau de Parfum,Alluring. Romantic. Rich.,$240.00,(none)
Evening Rose,body spray,Purse Spray,Travel spray perfect for your purse.,$30.00,(none)
Evening Rose,body cream,Body Cream,"Rich, luxurious hydrating essential.",$60.00,(none)
Ikat Jasmine,eau de parfum,Eau de Parfum,Soft. Fresh. Velvety.,$135.00,$135.00 - $185.00
Ikat Jasmine,body cream,Body Cream,"Rich, luxurious hydrating essential.",$60.00,(none)
Ikat Jasmine,body spray,Purse Spray,Travel spray perfect for your purse.,$30.00,(none)
Waterlily Sun,eau de parfum,Eau de Parfum,Bright. Dewy. Tranquil.,$135.00,$135.00 - $185.00
Gardenia Rattan,eau de parfum,Eau de Parfum,Lush. Floral. Warm.,$135.00,$135.00 - $185.00
Iris Meadow,body cream,Body Cream,"Rich, luxurious hydrating essential.",$60.00,(none)
Ambrette de Noir,perfume,Parfum,Oriental. Floral. Amber.,$240.00,$240.00 - $335.00
Limone di Sicilia,perfume,Parfum,Radiant. Luxurious. Joyful.,$235.00,$235.00 - $325.00
Limone di Sicilia,body cream,Body Cream,"Rich, luxurious hydrating essential.",$90.00,(none)
Éclat de Vert,perfume,Parfum,Green. Vibrant. Intriguing.,$235.00,$235.00 - $325.00
Éclat de Vert,body cream,Body Cream,"Rich, luxurious hydrating essential.",$90.00,(none)
Rose de Grasse,perfume,Parfum,Feminine. Rare. Timeless.,$240.00,$240.00 - $335.00
Rose de Grasse,body cream,Body Cream,"Rich, luxurious hydrating essential.",$90.00,(none)
Rose de Grasse,body wash,Body Wash,"Refreshing, lightly scented luxury.",$65.00,(none)
Rose de Grasse,body spray,Purse Spray,(none),$90.00,(none)
Rose de Grasse,body spray,Purse Spray Refillable Vials,(none),$100.00,(none)
Tuberose Le Jour,perfume,Parfum,Luminous. Exquisite. Floral.,$240.00,$240.00 - $335.00
Tuberose Le Soir,perfume,Parfum,Sensual. Floral. Luxurious.,$240.00,$240.00 - $335.00
,,,,,
